3.596349189572624,0.06469609489649164,1.0875842542844305,-2.675962668101509,2.1054637173828383,1.7070749221840849,-1.0073591229970986,-0.9595078706805806,1.403949568718403,-1.8792665726284434,-2.9909908015029174
-3.031301112056156,1.8509964673302903,-0.5401963588233603,0.5594935032645858,-1.6688857815608054,-1.271352784073353,0.19957386165197208,0.00847309698059101,-0.053406059941061026,0.35135748014777457,0.3945136516203775
-2.8320169667702597,1.5328545683747483,0.20495221712628875,2.846629896544002,-2.618328663234531,-1.3851234737015063,0.7354558284998131,0.686426913939806,-1.0384011254602756,0.3063153265297135,0.3187506535299748
1.1896989634104878,-0.6548471364845598,2.313639841271132,-0.02979106010084931,2.3828599335561385,1.3371117991465888,-1.019034487150828,-1.8373716380283658,0.3909554604329548,-2.438951178952584,-0.6709527641412069
-1.8439858003238692,4.7716618375964615,-2.675925075473906,0.5613042247264177,-2.9047686438384965,-0.18123858141578025,0.22350713001943362,0.007359115845524622,0.8118674821440355,-0.8305384231067757,-0.2946873246964165
3.690516183564826,-0.7722116093948267,0.5479147875657537,-1.256388905033824,1.5292908441472113,2.930879186344116,-1.2614003464802659,-1.1527759084961593,0.1852218384339268,1.427371079236364,-0.05627528561763822
-0.9435871017802127,-2.606140327574656,1.5305450256231277,-0.015594853457341573,-1.6195250822928213,-1.1164575150100151,-1.2018085187363472,0.9483017369551338,0.94599085478633,-0.19780843365679504,-1.0570611773146699
5.066205778736736,-3.215543234265722,2.7573187538870263,-1.3009067732560786,2.5243698978760367,1.8266318256168956,-1.4946807012235355,-2.083961679353813,0.3371318836159533,-0.08941394189465934,-0.0236670228189272
0.27038018536498243,-0.9966754260741474,1.2998271190123702,-1.2450208034068306,1.3940968293094982,-0.14337241493816377,-1.7018879258314017,0.29735404286170863,1.4213799760844525,-0.5340119218941143,-0.08429491534892979
2.591765145310115,-2.9648226493830157,1.481477403214574,-0.9212037401560865,1.3327765296256018,1.7495538920493843,-1.003037876093788,-1.468588753545309,0.4947432306676482,-1.0815323618480146,-0.5258824438500569
3.6620037159393943,-0.04097379167791271,-0.5351924518929666,-0.3603136306901563,0.7667002028813842,2.2139184709330806,-0.02771919263330975,-0.31678163043905194,0.19573757876922282,2.460180183182314,2.9327010242657
-2.2971645956775992,0.6933933190505898,0.35336884982570416,-0.29298445354735525,-0.06789167855083651,-1.4819074722079664,1.4998559545568315,-0.040814614513698916,-1.3861632270660558,0.399291011517746,0.254249520555068
0.7173819819403215,3.387677351696329,-2.335758725226142,-1.4409517213906389,0.5357566945780367,-0.3486462483857834,1.0371843053278236,1.0876855084813162,-0.15230012700162782,0.059805893983016514,1.2483374541112433
1.9972610690936472,-0.4247080222157852,0.25455339527444054,-1.0407543028155484,0.8317442251654027,1.2664520399269166,0.7167168477244993,-1.6856193904911168,0.04114054683733337,-0.671519328343118,1.415399637937902
1.6312668083901363,4.60612532115926,-2.9437992913253477,-2.1192084204869723,1.9989157703596347,-0.3620278244014725,2.5859835977009666,-0.05125997778145758,-0.5422720564796044,-1.0476381567936495,-1.1120015119686677
0.5232002210720741,0.855203210174736,-1.5007745293567727,-0.49875132398141225,0.8952475658458491,0.5660242854560367,1.0348086395785405,0.500806284122594,-1.5179169773026209,0.3492873857882968,0.38466339572170916
1.630112621427312,-3.837182597505697,1.4386606462296825,-1.4660374792157478,1.5494650825536438,0.024010344685350862,0.35588786090942137,-0.008894283711874174,0.402814107800034,-1.3279321859317053,1.1274383344874332
-0.3897337349836485,1.1184194593307302,-1.028968703891556,0.6298650776178305,-0.2002458161036435,-0.36337757020075434,0.8914420477038086,1.637187301459163,-1.103062669796125,-1.0011035088465297,0.164098086048311
0.8380414139721396,-3.3188861362847004,1.854529151118982,-0.41320464840294013,0.9953418338098945,0.5063899717923978,-1.7701216266380078,0.473850186716811,0.07414843692135936,0.030546728154669328,-0.8642749002503253
0.345927276314004,-2.642682276913677,1.5527615496628522,0.8812511482731094,-1.4078199777256728,-0.23045189378838854,-1.8799828364166502,1.8599490314532336,1.705275402561115,-0.967441268689587,-0.6077878958258309
-4.184667457580815,0.982141116585591,0.009875109624166933,2.0607005215048217,-1.9906644929826287,-1.469353674996096,1.1399134627236185,2.071237914864171,-3.304220716091059,-0.9646174803492163,0.5093450380622602
-1.2846618032488375,-1.327166251166601,-0.8161173328483133,1.2745830030147238,-1.9599417685205314,0.307476669284298,1.1617750753259655,0.16003480547004378,-0.8445423049702747,1.6689818236954101,0.2684650964582072
-1.6788576897613163,-0.5916805891987199,-0.18721152803204544,-0.6754898703677752,-0.27959245394252336,-0.5541033015797747,-0.032643372247940554,1.1177671391141408,1.3487565422723335,0.22894285786713414,-0.849800145221118
-3.502114656120625,-0.3182925748076149,-0.011266430165186359,5.778163367988273,-2.932013724567143,-1.1673496708876732,0.5943402834653753,1.328288091674859,-0.16231441492658916,-0.408637132931107,0.5001290633420886
0.45096784978793225,-0.33794291412137145,-0.520007893639874,0.20303244757776107,-0.20751229383440126,1.0887441416522576,-0.28226264768640025,-1.9412983601266627,-0.4258017901521427,0.7519988174763094,-0.9094121889638744
-0.06188796747048622,-4.085096015390889,3.2681555827340585,0.3420754739890641,-0.5723278562468705,0.07727575380154117,-1.3336911278877266,-1.2076588399097243,-0.7025069555852004,0.7655191726727074,-0.06719915198458459
-1.0903704575709683,-1.1981818370991681,0.3777554743912892,0.4795677261232927,0.023070543711219433,-0.5915585072577508,-0.14692256215704147,-1.1723213422948744,0.7604253111641338,-1.0241778861698894,-1.5138506247076493
-1.088342461272464,-1.8559853113917677,1.747800060926315,2.2860933008664253,-1.0411575158290673,0.7722018042743646,-1.0672914622034826,-0.5636477162374802,1.2113542163752693,-1.317778729321831,-1.2007535749623608
0.30041657637195956,-0.20388490212851373,-0.652874535965247,1.5116009152893195,-0.6966757915828229,0.6284401515247202,-0.15769194385927263,0.7529095771573483,-0.27298097365962437,-0.38193645728867304,1.4955701126265653
3.1251181159284807,-1.6200515580124266,3.597095456903836,0.349596914968609,1.439544963490753,2.6356978497705588,-3.2568871947404148,-1.545727454468208,-0.6964605984369845,0.669782557795076,-0.4418873845104247
1.1510265162902935,-3.4286912001700056,2.2224524559359056,0.34952583098580625,0.775473554465103,2.0017166974388263,-1.9513552660892273,-0.544341135083885,0.26565623750045203,0.6269706923136993,-0.21183785806882086
-2.0500129532893645,4.077526583177238,-2.973565911502993,-0.7018678426085452,0.004787623850275181,-3.026212628839164,1.6582454287124715,-1.4733901066226327,0.67239085775526,-0.037525402556207024,1.4984418348470072
-0.006276158160515188,-2.805284518404129,1.9737562008340017,-1.5908132499387513,1.2009186558522311,-0.57694027046525,-0.7370136924789932,0.12998818404337825,0.02264998865942014,-0.6978684319101909,-1.3577232170356983
-0.5939517911557481,-0.19180389387174612,2.0345300710452094,0.19260035451452528,-1.1398722501820218,-0.6064513609919524,0.3482134354951942,0.028729615130713593,0.9313981768732298,-0.7868435476167962,-1.3047473013260533
0.004736660947130322,-1.3110326767183411,0.5474197757148169,1.6344176742899954,-2.1158004743287364,0.7985802202408596,0.69446984773223,2.0799170157676983,-0.8792624301212938,-1.9207602973759224,0.09491567990755544
1.4985070476036588,2.629805842623821,-1.0300468918228383,-1.3662308620710308,1.0860264776023625,1.8082905253458113,-0.03738805418739117,-0.6809930900393844,-1.0234109159608347,-0.5633737939920207,-0.777114869381876
-0.62233304900205,3.882796150137158,-3.4078393657386323,-2.5396700773223166,0.5084866888721676,-0.14592194297241745,1.3325728581787117,0.23695557570410547,0.45889215276241857,0.9915129847173018,-1.3505426468572324
0.1210194936586208,1.6460935213628751,-1.4505553135214027,-0.08430586644348159,1.3753076409407785,-0.4281031540272935,1.7584680614066819,0.11350595444344888,-0.19444853065116194,0.2505572629695623,0.767991630648279
-2.4651103587586127,1.9507395921687323,-1.597068952629026,1.0484953429933481,-2.205512015627792,-0.35343585538824707,1.2041647475169217,0.39508286266142034,-0.3027569920191241,0.47871927456192676,-0.6902362818675244
-0.17320973998835798,0.30815515958788053,-0.5169599504513964,-0.7544325169847967,0.6993570272060655,0.6234574980521768,0.9540167323324232,0.16105174199301692,-0.6903117320393778,0.1649056341133484,1.5326641869946585
-0.5335001131772185,-2.2684011513848286,1.3258573317614764,-0.6665745762532372,1.0367377851576962,-0.9248430095066533,-1.1970634310902972,-0.6401434688144586,0.5862327608383413,0.04300317003835519,0.22445399045422562
-0.8800741051167287,-1.9653001247736186,2.5349706548073665,2.5799271664468444,-1.8310963631902617,1.9446454593049878,-1.760700522168983,-0.17304233577077172,0.8476292472898207,-0.5547842538714727,0.1699155069042432
-0.3384299462423206,-1.061658920102504,0.9690290089389193,0.6243533214831807,-1.7448683561007172,1.2690758140253608,-0.9026911138197259,-0.27179065189415863,1.1645004090513136,0.6975411998165598,1.0819324786564215
1.5805970121349482,2.1558536279940688,-1.389334195886402,0.7403460120689986,-0.022576043881596206,0.3839376064324138,1.5967657017106498,0.3649515465710964,-0.8513275720027333,0.5691580605465167,0.28395820871166694
2.3634056355922137,3.108789385187181,-2.0640737023917595,-0.9398469312594673,2.0811697384641272,-0.42508767438566336,0.2835028872420126,-0.4060260242052432,-0.5447950113816182,0.7435214656238038,-0.8125444696955634
-0.0980624806360324,0.22943619970803164,1.1562999559966303,0.39316398800563157,-1.1978038323306015,-0.5214955191810432,-0.07245654239137349,0.26229067691291824,0.2441466898570998,0.06705405842507779,-0.29702315499408266
1.9304408948445813,5.122612340249537,-3.493314992218474,-0.9140263275309339,0.7859151558748423,0.484224839584531,1.2029476670031711,-0.8094724686574727,-1.0876810180361138,-1.6480811580413537,-1.1278691280991233
1.9520740962032335,0.44401327852463934,0.6943874586271239,0.041481845197322675,0.9276571261187283,1.6641009932506183,0.6149174127058357,-0.3812285865007006,-0.954081205879171,-0.34879794130039443,-0.09200626977366504
-0.30430145396258507,2.2130840661625744,-1.9855481794147098,0.38939779211619596,1.4967475681990867,-1.6681289229149376,1.2148507899464656,0.14226465782600556,-0.1467966826606264,0.36268474558749847,0.42408982468444384
2.488926971911897,3.140863310401061,-0.7931728111499547,-0.6836590742162472,1.7402917517893792,1.132182467881461,-0.29119449925951496,-0.9702793281726392,-1.0820216274988732,1.2690264536305238,1.445584282044523
0.5711486255226498,-1.517059371027415,0.9690746436553386,-0.9845839145738888,1.6270254892741358,-0.28657884835189273,1.4979821661887514,-0.8162507178823084,-1.4324396092803249,1.960418621673296,-0.30115681605448463
1.519341479766464,-1.1381246194715564,2.030919243119358,-0.6867576578048831,1.4623446419581636,-0.554620250165615,-1.2759746931051765,2.090183285352624,0.44075661923241155,-1.1871557822229493,-1.3535938429365275
-0.7862330744887921,0.6935901732423125,-0.3489237612014253,1.337397668081307,-2.3119322898157293,0.24223191367979252,-1.5741678495872462,-0.22823563195542235,0.8938559984311802,-0.9558892897142989,-1.1606077226450129
-0.05101721951963212,0.10165103399986264,-0.4688891292443418,0.8219054881032309,-0.4900117029453473,1.7290476574248526,-1.5485252597076895,-0.23942612794334464,0.5733589688117823,-0.4302310284534533,3.231156871105013
-0.3184457038815671,2.001718125584564,-3.1604504861747387,-0.30872660184254086,1.639305755369378,-0.06723110287482881,1.775872672084527,-1.4884244018414445,-1.0966471010722318,1.4253271025613092,-0.0020852084853743235
-0.8575980074842458,0.6349571994443522,0.09837804450075116,1.6631621718847482,-1.9496219333518672,0.17104629701321483,0.7420890260844352,0.17762896093843344,1.1155506117129377,-1.0066183803712219,-1.2172894835963535
-1.085420322136449,-0.14937020958299618,0.8690041768035478,-0.29526467319754335,-0.3404355068382871,-0.54282852749141,-0.5025335193756719,0.34912847237901135,-1.3564290420232623,-0.61584644755527,0.5759163089349518
2.3226306389904954,3.9276023661110235,-1.7426902383453156,-0.473588266643474,0.17427630375765635,0.39930350592511965,0.704863401396885,-0.05653182715900376,1.4048218189677653,-0.11511614844664003,0.45701898940592056
-0.981038132741104,2.023420620456943,-0.5554453652754172,-0.2746206302666555,-0.4163622115784604,-1.4858798676829754,0.8959029188664207,2.029464062759967,-0.38019851145390005,-1.062717617523398,0.8853099939290882
1.6024314075318462,-0.061162247780270296,0.19187734734129752,1.6036175955191676,1.3681901581179683,0.23060827534940032,-0.5905277448074593,-0.6599486111988077,-0.45378143105271557,0.8857308380184329,0.12036924201582819
1.0998055115100958,-0.7754666913591308,-0.324014861822556,-0.5836292272461682,0.7852799954020938,0.36137948294064415,0.49091854590906464,0.1452563429056175,0.7871152667266662,1.8451620927934174,0.42009632533972974
1.572545555587411,-0.6097795828544262,1.212157620679041,-0.89877149492762,0.5973421878759393,0.33241760784271535,-1.0447114344427422,-0.4509588755019226,1.283880401894522,1.340232897449908,0.3772522435468494
-3.692803608596187,-2.5112308218728256,1.348816514296928,3.338457393964484,-3.517013296113414,-1.1810857350962347,-0.7001807213654646,1.4191621969365333,0.7378439258795935,2.4014965164449866,-0.6432027499846763
1.8912284910966726,2.8316774782975225,-1.1546686411073834,-2.712620307514367,1.5784819345459198,0.5409313538345792,1.082178777787016,-2.1613777704590147,-0.5739073337525887,0.30014803965175585,2.106152280341783
1.8607963215598975,2.668724474743103,-0.9670162965532832,1.5806590524387671,-0.525880401227747,1.4261171962053114,1.0986393521660744,-0.24999639520622516,-0.20279842618504682,0.11286666426524161,0.1686554786266951
2.525923224559475,-0.5953135639792817,0.14726408054846413,-0.7096497449135464,0.4362871747199892,1.2182432333683766,0.20608717660355058,-0.2884574523564115,0.9238281560720734,0.03658624181660519,-0.4258630264740393
0.3105854453041534,-2.3184950507641715,0.7755613223262862,-0.2113517476770902,0.8207515284806207,-0.27008385951077696,-0.015540256007875303,0.5636877189603907,-0.4967402597729528,-0.8238140655256817,-1.3764670543545912
-0.28892148587666444,2.8371655681188956,-1.5195902135429222,-1.5706381917843313,0.8770538066589354,-0.28557328329506926,0.10822496107771051,0.10645820038624476,-0.27061523135427973,1.472713600889393,0.7295957250626177
-4.806202716545696,0.691543200759436,0.0395859223507018,2.7464587233932343,-2.410718379768797,-2.6269979435866064,1.0560430558757012,1.3434671038534618,-0.15751909555783047,-2.1551939856184563,-0.715667299129495
-1.954927602638541,0.4721093592090828,-0.94248897807762,2.203775543665591,-3.2172098773053683,-1.3819677863110251,0.8556811084305003,0.27512464094151073,-1.7486544282014664,0.8676254986670834,0.17810470731087596
2.057027754341031,-1.2302631475018273,0.6102724520831033,-0.6271088601910604,0.7528464780357417,1.564348735377464,-1.7352631539878562,-1.1236300981290392,0.8387272493039082,-0.5051007418786243,0.8952956712191092
-0.2532110680537154,4.2683878796147035,-2.397698099604021,-0.7213696332252864,1.3039658291070209,-2.490230371664038,2.819253293860883,0.4087159431797051,-0.4722931945716113,-1.5883904397763629,-0.6175630509832932
-1.6342169140984413,1.7803178219208633,-1.798932675414926,1.7603221486534972,-2.014788599802514,-0.3111199896437974,-0.2596851250710182,-1.3073795210776367,0.30652330498288666,-1.3665839368869355,-1.1306672174793955
1.0044269571525781,0.4359350954020008,0.3811053208831314,-1.7259846582632807,1.7700633268789365,-0.30988959582059417,-1.2000065503120112,-0.026210152769131474,0.3627735741454545,0.11701295056240268,-1.3181095424602283
-1.3343400140689057,-4.2246625389045285,2.0037043434777013,2.116607824191238,-1.6597643950265428,-1.428029254034132,0.2269570167733787,0.22940394385953228,1.1912190035825263,1.1931322137143852,-0.511710755836906
-3.7591992446445293,0.2664502502426921,-0.6758742795039974,1.4832651972276774,-1.4111421774363515,-0.16434747501439434,-0.46463534902530307,0.13956145644618895,-0.031306222204248335,-0.33381898185466014,1.4871132618652323
-2.472945125110785,1.9331221218354793,-1.7523926607301379,2.3851267243148397,-2.822189726950631,0.05368543820965879,0.024011701513224796,0.4940765777444894,1.6064401837886604,1.210930658617772,-2.044666757705262
-0.38787897993882564,3.554718774274142,-1.6609582643110135,1.0316965666657532,0.033378631151548245,-1.207303196594872,0.1306809672728698,0.6546689739913917,0.4445557284619268,0.027196804740356385,0.9449752984116273
0.683708599506734,-3.0551631058550823,2.4552666880784333,2.176408652766195,-1.4574538473936192,2.557295897704408,-1.5558805633894666,-1.953783598028633,0.8095343618232247,2.186080473371364,2.9297503913358516
0.8969524302848265,4.756159014220206,-2.7822186273176657,0.28708256989191705,1.616895009387931,0.09445440593487464,2.317457627063415,-0.1471976296163009,-2.819710041153599,1.495835867548462,0.9331410953652955
2.902072814844897,0.7353067295532397,-1.149684843480876,-2.461859726214523,0.4410055800132631,1.6924958080030745,1.4158534868298147,-0.06459019016970452,0.1452090858581458,-0.9550970332673637,0.33207274582369045
-1.556585696314954,-0.7974527321395962,-0.1726309744862653,0.908700684803253,-2.0138131471299237,1.16519046192138,-0.4489484874265003,-0.8185937324958994,-0.26915214086066813,1.4188341720895865,0.8737877690643805
3.701214435709849,2.7658263781232306,-3.02562801549855,-1.342899775294026,1.0903062142283484,2.1047502841424413,1.031204812969854,-1.168854722983585,-0.6853389831458878,-1.4917331105735105,0.12952340768948384
1.9351576228440277,1.5668918176480529,-1.1118593455907815,0.0797745268489447,2.069888571706087,-1.2522052223885334,1.3890362507197556,-0.7063412496754116,0.2789139893907251,-0.2212290664575741,0.6524826219173223
1.4074196378570838,2.37015950087524,-2.5567555101719748,-0.7447671195574981,1.7926437004618647,-0.6437770018559247,1.2030109758805339,-0.7002702052750793,-1.6155972602120665,1.015447679821829,-0.39144812941207635
-1.4981192772844125,-1.9059037167886204,0.23319627973216983,-0.4932333146914899,-0.7636845633126614,0.9799944990873852,-1.2073330836336127,-0.8338760045417518,-0.530539655331614,-0.011476662053056386,1.3955037457424304
2.915441717000564,-1.1270030818089254,0.17853003270414125,-2.337345395371463,2.6540719875884187,-0.8378542388310785,-1.610578990591189,1.468143638278154,0.5267760067195132,0.7784588937426674,1.322802071934808
1.2428815217244602,2.6748117639205033,-1.8106039271200864,1.084189323333233,0.5640398637366821,0.37228137514725645,1.919350963098722,-1.3850561280741895,0.06838954772947586,0.1226145566805279,-0.4509913370366704
2.8687205997704024,0.3276146626328098,-1.6350963734228063,-1.5604791685592803,2.6514310537683428,1.4247332240284383,1.1238078972813899,-2.1870508225973664,-0.2975487813844528,0.3066033647975791,1.7362090776170163
1.8155660164059662,0.346409215377228,-1.3871580550031868,-0.5754881749457914,0.5412935772177462,1.7349990461517342,0.1694092402911663,-1.0975626358868427,0.05477557835907207,0.6935675379351887,-0.39270948840861813
0.6814446676009265,-0.07001731212799067,-0.6114212484986248,0.39504202852090253,-0.522209489241272,1.7964027580562165,0.1561698992255885,0.05485413150567936,-0.3834145498394437,-1.1439356193584722,2.1801427408912857
-2.2686324117432166,1.4844450960149005,-1.7525692955916994,-0.8371409598498007,-0.5221501231211833,-0.6177921113959566,1.547703521016607,0.42857924665183955,-1.3352606932693027,-0.9810347047506343,-1.5538741465121162
-1.0104870743463636,-0.7301767214258164,0.22088187931387315,0.5926380549498245,-0.9051350210032095,-2.353909254705414,0.8077141678514633,2.4124152177264504,-0.25848606432296717,-1.5789566264658503,0.12219938255429068
-0.030529831472916213,-0.18818550358787844,0.32671051510836496,1.5735152794082006,0.06848129868946166,-0.5034247004978987,-0.223203442093976,-0.6182904405932781,0.15887215559220855,-0.9885638829680593,0.6504413598670694
-1.4345322350910588,6.574945916577315,-3.326026861160071,-0.6160357077471166,-2.0215721712209698,-0.48354035035718035,1.824419194065879,-0.026938423391521193,1.2795710367128412,-2.1831238850314767,-1.8991453238513587
-0.6159590540575595,-2.0558391461596504,0.7566372712446147,1.5166902343301305,-1.0906072791363823,-0.28205606326022736,-1.3181851083039646,-1.4085798372329172,-0.22053546662603662,1.282784381310556,1.869077806929275
3.8543305109896453,-3.9340736371671934,3.7379552523213,-1.6977337071876724,2.407172326442516,2.127494223438341,-2.790141531371661,0.44379045418089275,1.382691190883214,0.3164385579212747,0.27911843511021256
0.7657399751252085,1.8705907674597977,-1.117896669006738,1.5670010973693005,-0.11283946599813233,1.584167994896333,1.5120818941240988,-1.5033414521021353,0.02545657823621489,0.41412338888936007,-1.5793801347168834
1.897708144141617,0.21294969872933117,-0.30164978959437155,-0.7700401578519948,1.700774744539219,0.2378674058087497,-0.13818283383430652,-1.1000718509042828,0.44837593098216294,-1.0588977343687473,-1.8944279922172025
1.063031154336333,1.9337985086231404,-1.2360822375888394,-0.3320677070579307,1.0511111671979463,0.225969136788833,-0.8785680944839568,-2.6664916358074198,-0.3862152834783107,-0.6273441924942278,-1.594148049586083
1.7650246098892677,2.7809862238311065,-2.29720321605841,-1.3623934445960195,1.67695912325799,1.6687014002138874,1.845779587295013,-1.9634216307022088,0.8493981811226876,0.5874364826508263,-0.3293063481172054
3.316726058020955,-2.0397731424579177,2.775114312063483,-2.1845914154665187,2.301969187217751,2.356005192453612,-2.357831481572586,-2.5346218339220354,1.8067180913037733,1.699671810109616,0.6533087183468309
-0.2856764922719241,-1.1161248556561862,-0.4701477607194211,-0.1546779655658781,0.9690517093110763,-0.3392520793958282,0.6076848543418765,1.0441965780769291,0.4228355644673251,-0.18369964743276884,0.4388134493640227
-1.0978415693182566,0.15968432059771054,-0.5515421858773075,-1.096559646763298,1.4253771446475083,-1.648923738872781,0.36005978345924916,-2.2955166819690898,-0.17359187282639246,1.3836733391852858,-0.6640982532846378
1.2667704937873436,0.4093630124607893,-0.24837907950732077,-2.2249577446809923,2.2260656496864466,0.8128791313236993,0.001474066918621093,-0.693728492874621,0.44324681958901263,1.2291994136944238,-0.16926321328318916
-1.0191393790647394,1.0692328208857609,0.047666081927264375,-1.8436762841392227,1.4818290639261775,-1.3092696662669434,0.05972638701164141,-1.8292304220474507,-0.9528919402607305,0.7812291716439558,0.9352297426758597
-1.9857750930063485,-0.13374800515106766,-0.7457560373680834,2.9481745976495235,-1.0592552922719614,-1.0893341120691127,-0.3566460842645162,-0.6147600715759652,-0.041397155445498046,-0.4318350323173726,-2.1426790768196105
-1.2762326605754761,1.1691300626157628,-0.7754931451598048,-0.5257957986065437,-0.06874275735715399,-0.1723773688931547,0.517939699530657,2.150986034350189,-0.6197589325303777,0.605587394233842,1.2757499037801379
0.1893075156877018,-2.3926118563592174,0.7694678181112575,-1.0976502533293666,-0.4134622952401798,0.9042981396281827,-0.9066288763215543,-0.9381885453141066,-0.002550199528090956,0.8643990382045796,-0.1317288913070803
-3.6763942089643367,0.3887898782759418,-1.3132071539317576,-0.964864038006085,-0.48563224674980243,-0.9637152733602827,0.2914150526776692,0.682791098907617,-0.0102501217105848,-0.5916159430808118,-0.32044684607842977
2.070643528412381,2.310290241365047,-1.5886752126154138,-2.1105163455711384,2.328519262924926,-1.8808313281116997,-0.17237520985408372,-1.2806166403123305,-0.9557307206849874,2.4253127059436457,0.6498818123453435
0.6757002007654159,-0.05354281024689256,0.8584671640055854,0.8333537300443471,-0.22208894922866562,1.4934799997469188,-1.6613900044941323,-0.40176631895846704,0.5627893598998739,0.17583848414452694,0.9006692217703068
-3.9753530947808233,3.999019085055119,-1.2531992789591477,0.18965943966195414,-0.7581212720852076,-3.986293579608767,1.3782350097653284,1.0645174648496862,0.7752979778331461,0.15398193949836816,-1.4136458846647053
-0.6008845022270872,-4.928020516806823,3.7824088485567136,-0.4307214770481411,0.20490790457535746,0.41165629341172805,-3.270185421107944,0.6320000255854724,1.435719857824253,0.7304513728296596,0.49244778598166156
-1.6235911971604047,-1.1137801510645067,0.8958612894813567,1.3588122139723129,-1.3738703690604008,0.1980315486079937,-1.601742567263514,-0.10858203219101983,1.8692548385363377,0.20554920177353161,-1.0112266227105866
-0.885439780826302,-0.6568489484531391,0.26691613749819576,-0.01133512204754572,-2.1263378262285744,0.7974019403978747,-0.8049085429323575,-0.11253514503888357,0.21481304467117984,0.3031655632562378,-1.810620849283328
-0.03774491553289511,1.6944188843703094,-1.2400463807765603,1.7205279638796265,-1.8859964438088206,1.0306146583420572,1.2530454188782723,-0.019664708500810035,-1.9565829161635666,0.9020572751911872,1.491544583261913
-0.5525724839787407,3.6375036286204483,-1.3787802002383625,-1.3139511123668282,0.13203614338739672,0.4088060876322546,0.5023693047413235,-0.09150637104082676,-1.2238920365620745,0.6350298390747988,-1.500215615764489
0.08723926311231253,-1.0950800478605998,0.3714577939216477,1.2741440948559366,-1.2405075312150404,0.951336158894867,-1.0960953730149665,1.1683127184197242,-1.2330967661282881,0.8034764323393672,0.659019927566423
2.9634344344339323,-3.343568934260282,1.4247328964355512,1.1318008396834407,0.45828789872297715,2.8386567348849248,-0.5072028799487801,-1.1297920586617458,-1.2513652230646033,1.2924051624521997,0.7083760967362882
3.072644560131905,-4.398851757108174,3.9449184675982445,-2.310912499267828,1.646622325825017,0.01613132910238857,-2.61652036479361,0.8204075715172872,0.7906399336366563,0.633151467029988,-1.1177575801762067
-0.4753395214603844,-0.863591683590975,0.9934843749397304,0.7019726719882775,-1.1260217550006701,-0.8743121221676999,-1.5224740870156717,0.7442595296763632,0.26444681071825504,0.29391076966524077,0.020372200336963592
-1.0676733823909237,-1.0227845184209456,0.9601783504201653,0.3343628635249144,-0.3229257295038464,0.6076482046264761,-1.9421134296301454,-1.0803046029929577,0.21065730500907281,0.12151805755887295,-2.1737658309469574
-1.990235988859303,-2.9709778597870957,1.9164244330691247,0.8895406525745391,-2.159717140529903,0.23017859536434737,-1.4991816249481211,2.2013524133274567,0.4067012690380849,-1.9804560406359129,-0.11132845520569544
1.4670674698779576,2.1432476371038347,-0.043063316296732705,2.1579109694580825,-0.06932669327017461,-0.3045568095377906,-0.048105283394176454,-0.9321618479729559,-0.7904662788686779,-0.2586853391265588,0.08285304792151044
-0.7446156842160359,-1.322564728251826,1.0556108189367386,0.5425887961774731,-0.44419113435913943,-0.007793820031843923,-1.2639294494450355,1.3232121716232301,0.6114644490048491,-1.440738010233731,0.262994367617761
1.6356343958763129,2.7812122416491913,-1.2274379400758724,-0.2785173307774035,-0.10737246536650191,0.8843423178674183,1.0076030955365518,-0.7121613205833776,-0.42748487034340144,0.14606287494133627,-0.5921762607557461
1.958249316433641,-1.8701003334929802,0.36929484922871436,-1.7211846598625087,2.01647447710229,1.4875320455565613,-0.9028728024602265,-2.075851465210696,-1.2852460490364295,0.607616524347703,1.0977778607167699
2.612128494208289,0.6321187907692487,-0.5051091993384675,-1.7340748321507728,1.073051976685403,0.7165583427816242,0.27284234335710966,-0.9858325444977295,-0.23484084760869262,-0.2785427913880236,1.4042392831170427
0.7265785601698584,-0.6324452818473764,0.1128574926352296,-1.7017330839672407,-0.9848456885395609,-1.229704433572468,-0.5558752254752298,2.0945949471705703,-1.7031497545902865,-0.7281952369005407,0.11049618286476064
0.4631865725495188,0.09237521018123962,2.2128575041271485,2.5828323441010057,-1.208897984747005,1.3628193525993109,-1.2456341196559186,-1.0857492747409379,-0.723093500872218,2.328022928315021,-0.42961553226246646
-1.1745181123380726,1.7125678942110787,-1.2648001448006503,2.1068062731340627,-3.3716151883606753,1.7699778597224305,0.14680016070821128,0.004007952016865336,-1.2590408985198345,0.03978593131506485,-0.30399485770315715
-2.698461280715087,4.742997644825064,-4.246651256194704,0.26080156380968544,-2.364837743501545,-1.2017916783688123,2.685920134587796,1.4578639494043144,-0.7067550820194425,0.8197255571301663,0.3448409806982927
-0.27057335419440465,-0.5125293149363175,-0.1527042049626055,-0.7877960804316286,0.8641151555085426,-0.12034571987591036,-1.0573412677526763,-0.005088791048950658,1.3041457553821876,0.6293341174776266,-0.8570270711603873
-0.42233999545726125,1.636386196517094,-1.8577164054620194,0.17492502052561243,-0.8487002583012908,-0.3438369848006421,0.9672224654729813,-0.47688784992856037,-0.5228872096829187,-1.0409103736555327,1.1061404358427382
-0.4037831745822513,-0.44953680901222315,-1.0041587713060858,0.4342722212307321,-1.322550331185513,0.42062386875793034,1.0410908668960646,-0.49197636440321,-1.6100796260466474,-0.8823135176360883,-0.5858425123146207
-1.1979654954600503,-1.2321881753904904,1.180884119441471,0.31840286952692354,0.5259715563595536,-0.9642403912880524,-1.4096288846994418,0.7476418889617668,2.275062427299027,-0.30476769658297737,-0.01219039180651133
2.656069602145307,2.3364240020650175,-2.9394506932474487,-1.315756449662495,0.8154181400670389,-0.4634248392160205,2.295729657972688,0.5262944157414782,0.9322028618148135,-1.1271490910862438,0.2148641277699132
1.0316816978624603,-0.7557069773968359,1.7183784606567427,-0.03399029000362841,0.15258382623189834,0.6749556155633052,-0.1464556257954879,-0.7476626132490662,1.1908384973127013,2.0790985308945773,1.241971597977057
0.09028424515652556,1.473998432084506,-0.7024550225935157,1.013821761887973,-0.17150062447262765,-0.7956094024765423,0.24981841391245746,1.2334153759300277,-1.356080313508292,0.02519423777592667,1.3503623623031302
1.0496625243000082,1.5263861408072756,-1.6536089152964477,0.4230356892087029,0.6660840043816154,0.3376118293232129,1.19972823441469,-0.7427972689861655,-1.0042275194454242,0.9309540924061436,1.3540718671135805
0.985494109113373,-0.3217797245883929,0.6020074583383498,2.853893956633083,-1.9525193179425373,0.8449796113171678,0.4163195511956567,0.4478786396373646,-0.4631043895762,-1.7326878274066682,1.6250640800713119
2.429721086085675,0.2704393100172503,-0.6805526036849616,-1.7988623700014876,1.9019733028643713,1.34843053451385,-0.569844872977309,-1.2483538945139052,0.5831021142963752,-1.5416350247955943,0.09842182722440584
1.2713006120531598,-1.806490755596404,1.172739502984804,-0.2804928501142662,0.43297636624895036,0.5994706989506602,-0.7972356308887159,-0.9576784252632403,-0.8163429499083998,-0.6589050021058547,1.9674476397178107
-4.369536317050421,0.2748473207781448,-1.7342664401658328,1.7005674715518628,-2.6674738465143477,-2.2531990517724534,1.048614105257742,0.7653146239687034,0.18112746227680293,-0.5916402983343825,-0.14501240462055626
-1.566914387142467,4.035378410805141,-1.2529595234686832,1.1392580945873467,0.6091019634623888,-2.4964547556087675,1.3908952102140903,1.1407828408045972,0.043788933604842345,-1.415462408794251,0.5062871679480604
-2.6200421709468005,0.046320102982646355,-0.018849724479599317,0.9666260978994555,-2.691591522645136,-0.8407285363161343,-0.9045340684154257,0.5171104631648122,0.9343715028397204,-0.6456395184362255,0.12146503588831134
-0.8965732627128231,-0.039589536542140785,0.17098449691822054,1.678290842069131,-1.81084070794688,0.19174423075576352,-0.06443034493949826,0.5811089112994867,-0.6713618589395777,-0.9689648964197641,-0.32677959999876266
3.417249588605465,-1.764570989492391,1.5093095671730508,1.262997627109495,0.09339338175165209,2.9322415599064584,-0.962019538514726,-0.07299842726603822,-0.2715238234053278,0.9296849974686174,-0.27621166509456013
-0.35260632814025805,1.0321318354818385,-1.15179348507527,0.821507430870715,-2.352692498564601,0.6727905769034933,-0.22281180474027243,-0.22998509254537708,-0.5388853092301975,-0.7202258332942775,0.44818597593145243
0.471858334385194,1.5108471534667778,-0.2705046227066529,-0.4651228209894709,0.5680041643922947,-0.9173100005650334,-0.9331009480583508,-0.6054379526529883,1.124993210795529,-0.14669095499211623,-2.497814560471396
-1.0666307219484785,-0.3319781261934789,0.9160995219957352,-0.42141817926147906,-0.30180426050847026,2.0090700309524503,-0.85450877572722,-2.0263956825272986,-0.34130459786705275,0.7879896478704491,0.0828471238959958
-0.027139102800153775,-0.7294964256276553,0.10985651394563467,0.9235744579352553,-0.026910306051857236,0.13575205809493196,0.7358677410350235,-0.39245658398159794,-1.1385412403395836,-0.4296093404222262,1.4517691865661182
-1.8854596877710676,-0.37287718068144327,-0.44333539399027466,2.2601992759367073,-2.3110927047632694,0.14380172414337855,-0.19176794782253337,1.8270475053873887,-0.6345815030233917,-1.0136662473703881,-0.3764254746839628
4.811919199213813,3.732368600147083,-2.29067159758909,-2.4680048311015783,1.6666726714193008,3.1961130507498527,1.65216155050701,-2.258183455084873,-0.03901227558879106,0.3805644781505398,-0.2707199132159302
0.45058879143752684,0.185392322218825,-0.19848528993635606,-0.24419027929494933,-0.0817281200032142,0.19325001125298835,-1.1208473070086227,0.23384903463396767,1.7591832145188326,1.7844486826912387,-0.5923710136481009
1.16437780063461,0.25627795941066267,-0.682561967080847,-1.5795581371158007,0.6598320980072686,1.858910476342567,-0.045157737318278476,-0.45673075573110383,2.3181860234114615,0.607935117817454,0.4572234256557915
-0.653571581594782,1.95775231163439,-1.8748617892718196,-1.1776333573264977,0.20559036343956885,-0.08229746257126591,1.4349565778583422,1.1866733886527072,-1.115209077097282,0.6533301724987602,-0.2706390664054577
-3.477110170099378,2.9151708858759733,-3.057270728946021,2.9905754123874284,-3.575302960410909,-1.6270694523831495,1.6833278344335896,1.8918356905428229,-1.2136669989360191,-2.0365293532920536,-0.2955349035246951
-0.36835697471971784,-3.5428501463502604,3.6109154528103984,-0.9819367830870989,-0.1352034076094932,-0.5580918779504762,-1.581214070530305,1.4161270277830311,0.13183004486196925,-0.46095736351764177,0.6215657711257309
-0.8191227817191964,-3.452513728511826,1.5606199728999872,-0.7201623235723319,-1.24782499986963,1.5709821755701812,-0.7580186965468625,-1.0410308559044568,1.5459226297060398,1.0655845270213136,1.626831510269606
-1.5462232475201798,-2.827789412834796,1.1561525309662453,-1.3225721650053812,0.12919225976498408,-0.794308765991421,0.3373599467526086,1.4761640058161611,-0.3716535403455087,-1.0450298035086911,0.2822451995650374
-3.264028817376535,0.9870431798646451,-1.6020753936860612,-0.9353098689966373,-0.33146242759814054,-3.1413597166135663,1.7838993286551181,1.75258137825432,1.7094129917591072,-0.34352065750914973,-3.126649687795146
-1.838006279071562,0.1884076261906753,-1.5199256088469804,2.2715599514134843,-0.8891077534858095,-1.0678000232496452,0.3710406739907501,0.5115827435740099,0.4562358624400163,1.0984720020651324,-0.18227298440156453
-2.437621850050751,-1.9798878174157595,0.41192083912907285,0.8014541937815991,-2.632096179078903,-0.2512886234227819,-0.3883114966588089,1.1824595678692567,0.1333030322536274,-1.5790028043570628,0.003993493986577684
-1.3422508102972102,5.06431629843509,-4.046832961552365,-1.4998670379610317,0.8383978985478823,-0.03319582335314486,2.8114065997419697,0.5582990182540973,-0.4077397408212039,1.3834470375963541,0.9439385535678181
-0.8343529115665221,-0.13004778370253522,0.4648990020638196,-1.2229046116827524,1.1216434731180658,-0.2316736195224572,0.6932701789832459,0.02101842763990537,-1.0711985113674862,-0.03401835923285994,0.24810697260961648
-0.6748358815946661,0.10102283732187978,0.4866403018247975,1.1857007791634624,-0.9748942310706676,1.2760104287573744,-0.6550919354490902,-1.012295424375803,0.9208888227102937,1.348569324696682,1.858342028320672
0.4649712421219244,0.8942710026242562,-2.3733054746046065,0.6009525155912404,0.11659838710287397,0.19028505024717762,0.0973247619810322,-1.1198018284703883,-0.48885636367074,0.659282905340674,0.9959271738912818
0.6686019121264266,-0.7387343812755733,0.801064352627135,-1.7560835705074913,1.533787457992656,0.033505553088460704,-0.6105597256168023,-1.911355024584478,-0.22243855120857242,0.7623127620477003,-0.6310738119282641
-0.29792733727400145,-2.2789551050147425,2.1959045549665364,0.5185481548180291,1.80330518166636,0.007005436803737997,-1.0097964727426747,-0.9625721276263683,0.7584787718610683,-0.6134093960598275,-1.886442239014407
0.30143644972242256,-1.6604783125279223,1.2451025286907857,0.2796831336390908,-0.6122210291888992,0.9468939901585651,-2.4769004988488517,1.328190654908734,1.0925710431389897,-0.658579221426378,1.5390725499612028
-0.03630233981634494,-0.0588917187810466,0.5103482028690633,1.0810427495082795,0.8384992416995435,-0.608961298651916,-1.3757054566430769,-1.098711519438825,-0.05212573382208337,-0.7703047849796458,0.31731507782482427
1.3921489269904581,-2.1528940181883787,1.908732165708989,0.7785456599226838,0.8955674424494333,0.2713119850391066,-2.4718654045154027,0.3933524592816314,0.912942316688506,-0.7278967992008312,-0.1627822914094842
3.288724643118938,0.9429869407371496,-0.7585345707677462,-1.476060210403572,0.7045079218225319,0.1826834969717761,0.6930030860461344,-0.4047690147846653,-0.8095858382474279,1.7209218291792074,0.09108770133762809
2.7495357303346837,-0.33333399734805347,0.29951737454981986,-2.5666942202107053,1.3219289847538371,2.6675936434020606,-1.1092502866034164,-0.9754820940960379,-0.6585868030359723,0.2691484503406811,-0.7418295497838244
0.0641563039451214,0.20138721762769718,1.0197742424716805,2.0935489085017944,-0.7099988910902875,1.5205273972402051,-1.5863185913882616,-1.060472527343159,-1.0840004338695475,-0.4075752439257663,0.06382687244325606
0.7492601290312441,0.7997591370505948,0.1540230542827321,0.4062134332218095,-1.0784480897790167,0.4100968643636032,0.78017415434964,0.20798668035113232,-0.8898427058232693,0.2254005207938015,4.170667118404038
-2.2650945985634596,-0.01157792363011434,1.023883795000313,4.619884699040837,-4.644861415399762,-0.2905868824124055,-0.006318237476812086,0.19815089126780067,0.9363738186636219,-0.2750003614427975,1.2682824188021902
1.1368652909323627,-0.7457521567378245,0.09411435609109271,-0.9334384175566627,1.755339938388596,0.4084878631048339,-0.09803982337465263,0.4290092031595361,-0.2508085464636352,-0.7657438535493942,-1.440910119192933
-4.640443490407813,0.7643086958196258,-0.674213263290155,3.4826490698263752,-3.3521446624972966,-1.7525937865737613,1.2745153235309372,0.9050731297617575,-1.7567996651647553,-0.5249754608494456,-0.018683119983829967
1.0994333167398507,-0.6168543333448495,0.9433661608590523,-2.650119582487199,2.4740563271840172,-0.2545367746389753,0.3595833408920588,-1.7223503302608063,-0.3288052833669873,-0.0898224540191625,-0.1436640843790675
2.579841761085474,-4.319229369901861,4.056576794396113,0.4454949396310531,0.6657961651578524,0.2750468791282412,-4.439338211417791,-0.6367541418309072,3.1264946320217617,-1.4920003962050958,-1.658506056873285
0.9502559855599646,-4.123610215770814,3.381448833182655,-0.8254260531648876,0.7720214976766976,0.2095907889544283,-1.9378643343685429,0.30071249333029126,1.0309587928837516,-0.2986366544819713,-0.3037175106249944
0.16679920010287774,1.129025400145637,0.3055763076005907,-0.41048631976398564,0.23794384245349126,2.2583867965183715,0.25970258713428407,-0.34321636554324453,0.6684058501694986,0.8651747141773719,0.6317394838037935
0.48214179117089795,-6.133150805235536,3.24139025039333,-0.7082904859029935,1.2192408235359269,0.6538952347744567,-1.8321151460010001,-0.34472255659024054,1.9632564205897995,-0.2385690864844335,0.24356908429419183
1.850797339529446,-2.296395302541483,1.4521865318496507,-0.7747367573973679,1.051996475870072,1.2237180852063059,-0.637910222623704,-0.3080074354222525,-0.1256160856664344,0.7522075307101467,1.4256913998499698
4.27893806642808,-1.4009452427181475,1.9093557767573723,-1.167391404059237,1.6987284196145005,1.0182003704038065,-0.27256863644093643,-0.8659247603283009,0.37446131331756666,-0.1183523735639791,1.183661944437149
-2.901807123189152,0.9560837168595118,-1.4064707510688563,1.6027905516589849,-2.934342408508712,-0.800869973170327,0.8787726103320427,1.724789344317769,-0.966818939743201,-0.4785812356782372,-1.0881857418938459
-1.6559396245907692,-2.8389673485058773,2.448106344214156,0.8799473821256301,0.36962115662690703,-0.430707405189783,-2.122477932413879,-0.9339338048049933,1.7563918517876864,0.5976682783675104,-0.15476722947815733
-0.14555918818662972,-2.096397807338556,1.4761026916281974,-0.8263160917369534,-0.28760040973773787,1.0763908365220063,-2.2622096087084183,0.006763303471180038,0.7242289595901799,0.5802424150436806,0.27569094630570046
0.6310908854261462,-2.350803253085312,2.426173795874174,-0.5649730495318563,0.647876297058806,-0.9945221765249785,-1.5756977429919146,-0.060803309945790945,1.0581825905380093,-0.4178560864026778,-0.5463492709319681
-0.2548100823181637,0.4172450279837023,0.25471089395549773,0.9761244516686933,-2.4553230482045243,1.2093625793417297,0.2871921414453572,0.5994139368264372,-1.085598263420649,0.10598490959195933,0.42045010263765775
-1.4775741514716576,3.655258108055021,-3.94219918720107,1.2587342337358596,-1.0861101361731622,-1.163477281254286,4.329211362352703,0.5341887972006624,-1.8165835711544316,0.5683866413069593,-0.13208122024218832
-1.0493482410308441,-0.006641300943376172,0.21062994712186206,1.8213429785750994,-2.1376537674408813,0.7672871255291722,0.06900853000726362,0.9931567706383323,0.8877535287989546,-2.335564835488846,-1.2466871812227767
-1.1595642217049553,5.131545687600609,-4.134403280823076,-0.4805029661576003,-0.6652846172173921,-0.9213044168705105,1.8560287840314689,1.617961751240557,-0.48147842618576625,-0.05884052606087473,-0.10051408655922081
0.6424823069276938,0.16005068385584048,-0.19135996684206555,1.3998695781437904,0.5802425097152426,-0.11343769756423572,-0.19036265528781657,1.3019330481022284,0.21431918434551156,0.30432901699389164,0.08135172132371875
-2.193204449834912,1.4614865193437527,-0.8876075902585085,2.2742349405725752,-0.4950990769368426,0.08703219273049238,0.47022237710323733,-0.15258504921025634,-1.1366848410140662,-0.8165166866010347,1.3893532562002873
-0.21509581096419417,0.6355423420546746,-0.9233900544053254,0.5350766229964175,-0.9824235468930146,-0.42556209074041657,1.598438205393111,-1.0353730192720265,-1.9441281063507432,-1.577007345324034,-0.28824232503322494
-2.2960288070721115,4.099789627472068,-2.600583471121518,2.0749879186844584,-2.295272982753768,-0.45236437888091197,2.3693679150482043,0.8754134647609364,-0.7991727273781045,0.15333847806742912,0.2797987892802351
